TABREF INSTANSI_ID,Update: 16/01/2023,Unnamed: 2,Unnamed: 3,Unnamed: 4,Unnamed: 5,Unnamed: 6,Unnamed: 7,Unnamed: 8,Unnamed: 9,Unnamed: 10
,,,,,,,,,,
ID,NAMA,JENIS,CEPAT_KODE,JENIS_INSTANSI_ID,,META DATA,,,,
A5EB03E23BE8F6A0E040640A040252AD,"Kementerian Koordinator Bidang Politik, Hukum dan Keamanan",P,1010,KO,,Name,Null?,Type,Parameter,Keterangan
A5EB03E23BE9F6A0E040640A040252AD,Kementerian Koordinator Bidang Perekonomian,P,1020,KO,,ID,NOT NULL,VARCHAR2(32),,ID yang otomatis ter-generate saat data dibuat
A5EB03E23BEAF6A0E040640A040252AD,Kementerian Koordinator Bidang Pembangunan Manusia dan Kebudayaan,P,1030,KO,,NAMA,NOT NULL,VARCHAR2(100),,Nama Instansi
0C37093AED94370CE050640A1502102F,Kementerian Koordinator Bidang Kemaritiman dan Investasi,P,1040,KO,,JENIS,,VARCHAR(1),,"Jenis instansi P: Pusat, D: Daerah"
A5EB03E23BEBF6A0E040640A040252AD,Kementerian Riset dan Teknologi/Badan Riset dan Inovasi Nasional,P,2000,KEMENT,,CEPAT_KODE,,VARCHAR(10),,Cepat kode instansi
A5EB03E23BECF6A0E040640A040252AD,Kementerian Koperasi dan Usaha Kecil dan Menengah,P,2010,KEMENT,,JENIS_INSTANSI_ID,,VARCHAR(10),,"Jenis instansi KO: Kementerian Koordinator, KEMENT: Kementerian, LPNK: Lembaga non Kementerian, LNS: Lembaga non Struktural, PROV: Provinsi, KAB: Kabupaten, KOTA: Kota"
A5EB03E23BEDF6A0E040640A040252AD,Kementerian Lingkungan Hidup,P,2020,,,,,,,
A5EB03E23BEFF6A0E040640A040252AD,Kementerian Badan Usaha Milik Negara,P,2040,KEMENT,,,,,,
A5EB03E23BF0F6A0E040640A040252AD,Kementerian Pemberdayaan Perempuan dan Perlindungan Anak,P,2050,KEMENT,,,,,,
A5EB03E23BF1F6A0E040640A040252AD,Kementerian Pendayagunaan Aparatur Negara dan Reformasi Birokrasi,P,2060,KEMENT,,,,,,
A5EB03E23D5BF6A0E040640A040252AD,Kementerian Pemuda dan Olahraga,P,2100,KEMENT,,,,,,
A5EB03E23BE5F6A0E040640A040252AD,Kementerian Perumahan Rakyat,P,2110,,,,,,,
A5EB03E23B95F6A0E040640A040252AD,"Kementerian Desa, Pembangunan Daerah Tertinggal dan Transmigrasi",P,2120,KEMENT,,,,,,
A5EB03E23BF3F6A0E040640A040252AD,Kementerian Dalam Negeri,P,3001,KEMENT,,,,,,
A5EB03E23BF4F6A0E040640A040252AD,Kementerian Luar Negeri,P,3002,KEMENT,,,,,,
A5EB03E23BF5F6A0E040640A040252AD,Kementerian Pertahanan,P,3003,KEMENT,,,,,,
A5EB03E23BF6F6A0E040640A040252AD,Kementerian Hukum dan Hak Asasi Manusia,P,3004,KEMENT,,,,,,
A5EB03E23BF7F6A0E040640A040252AD,Kementerian Keuangan,P,3005,KEMENT,,,,,,
A5EB03E23BF8F6A0E040640A040252AD,Kementerian Pertanian,P,3006,KEMENT,,,,,,
A5EB03E23BF9F6A0E040640A040252AD,Kementerian Energi dan Sumber Daya Mineral,P,3008,KEMENT,,,,,,
A5EB03E23D62F6A0E040640A040252AD,Kementerian Perhubungan,P,3009,KEMENT,,,,,,
A5EB03E23BFAF6A0E040640A040252AD,"Kementerian Pendidikan, Kebudayaan, Riset dan Teknologi",P,3010,KEMENT,,,,,,
A5EB03E23AF9F6A0E040640A040252AD,Kementerian Kesehatan,P,3011,KEMENT,,,,,,
A5EB03E23BFBF6A0E040640A040252AD,Kementerian Agama,P,3012,KEMENT,,,,,,
A5EB03E23AFAF6A0E040640A040252AD,Kementerian Ketenagakerjaan,P,3013,KEMENT,,,,,,
A5EB03E23BFCF6A0E040640A040252AD,Kementerian Sosial,P,3014,KEMENT,,,,,,
A5EB03E23AFBF6A0E040640A040252AD,Kementerian Lingkungan Hidup dan Kehutanan,P,3015,KEMENT,,,,,,
A5EB03E23BFDF6A0E040640A040252AD,Kementerian Kelautan dan Perikanan,P,3016,KEMENT,,,,,,
A5EB03E23BE6F6A0E040640A040252AD,Kementerian Komunikasi dan Informatika,P,3018,KEMENT,,,,,,
A5EB03E23BE7F6A0E040640A040252AD,Kementerian Perdagangan,P,3019,KEMENT,,,,,,
A5EB03E23B96F6A0E040640A040252AD,Kementerian Perindustrian,P,3020,KEMENT,,,,,,
A5EB03E23D46F6A0E040640A040252AD,Kementerian Pekerjaan Umum dan Perumahan Rakyat,P,3021,KEMENT,,,,,,
A5EB03E23BE4F6A0E040640A040252AD,Kementerian Pariwisata dan Ekonomi Kreatif/Badan Pariwisata dan Ekonomi Kreatif,P,3022,KEMENT,,,,,,
A5EB03E23AFCF6A0E040640A040252AD,Kementerian Sekretariat Negara,P,4001,KEMENT,,,,,,
A5EB03E23BFEF6A0E040640A040252AD,Kejaksaan Agung,P,4002,LPNK,,,,,,
A5EB03E23BFFF6A0E040640A040252AD,Sekretariat Jenderal MPR,P,4004,LPNK,,,,,,
A5EB03E23C00F6A0E040640A040252AD,Setjen DPA,P,4005,,,,,,,
A5EB03E23C01F6A0E040640A040252AD,Sekretariat Jenderal DPR RI,P,4006,LPNK,,,,,,
A5EB03E23AFEF6A0E040640A040252AD,Mahkamah Agung RI,P,4007,LPNK,,,,,,
A5EB03E23AFFF6A0E040640A040252AD,Badan Pemeriksa Keuangan,P,4008,LPNK,,,,,,
A5EB03E23C02F6A0E040640A040252AD,Setjen WANTANNAS,P,4009,LPNK,,,,,,
A5EB03E23C03F6A0E040640A040252AD,Badan Siber dan Sandi Negara,P,4010,LPNK,,,,,,
A5EB03E23B00F6A0E040640A040252AD,Badan Kepegawaian Negara,P,4011,LPNK,,,,,,
A5EB03E23C04F6A0E040640A040252AD,Lembaga Administrasi Negara ,P,4012,LPNK,,,,,,
A5EB03E23B01F6A0E040640A040252AD,Lembaga Penerbangan dan Antariksa Nasional,P,4013,LPNK,,,,,,
A5EB03E23C05F6A0E040640A040252AD,Lembaga Ilmu Pengetahuan Indonesia,P,4014,LPNK,,,,,,
A5EB03E23B02F6A0E040640A040252AD,Badan Tenaga Nuklir Nasional ,P,4015,LPNK,,,,,,
A5EB03E23C06F6A0E040640A040252AD,Badan Pusat Statistik ,P,4016,LPNK,,,,,,
A5EB03E23B03F6A0E040640A040252AD,Kementerian Perencanaan Pembangunan Nasional/Bappenas,P,4017,KEMENT,,,,,,
A5EB03E23C07F6A0E040640A040252AD,Arsip Nasional Republik Indonesia,P,4018,LPNK,,,,,,
A5EB03E23B04F6A0E040640A040252AD,Badan Informasi Geospasial,P,4019,LPNK,,,,,,
A5EB03E23D63F6A0E040640A040252AD,Badan Kependudukan dan Keluarga Berencana Nasional,P,4020,LPNK,,,,,,
A5EB03E23C08F6A0E040640A040252AD,Kementerian Investasi/Badan Koordinasi Penanaman Modal,P,4021,LPNK,,,,,,
A5EB03E23B05F6A0E040640A040252AD,Badan Pengkajian dan Penerapan Teknologi,P,4022,LPNK,,,,,,
A5EB03E23C09F6A0E040640A040252AD,Badan Pengawasan Keuangan dan Pembangunan,P,4023,LPNK,,,,,,
A5EB03E23B06F6A0E040640A040252AD,Kementerian Agraria dan Tata Ruang/Badan Pertanahan Nasional,P,4024,KEMENT,,,,,,
A5EB03E23C0AF6A0E040640A040252AD,Perpustakaan Nasional RI,P,4025,LPNK,,,,,,
A5EB03E23B07F6A0E040640A040252AD,Badan Standardisasi Nasional ,P,4027,LPNK,,,,,,
A5EB03E23C0BF6A0E040640A040252AD,Badan Pengawas Tenaga Nuklir ,P,4028,LPNK,,,,,,
A5EB03E23B08F6A0E040640A040252AD,Badan Pengawas Obat dan Makanan ,P,4031,LPNK,,,,,,
A5EB03E23C0CF6A0E040640A040252AD,Lembaga Ketahanan Nasional RI,P,4032,LPNK,,,,,,
A5EB03E23B09F6A0E040640A040252AD,Kepolisian Negara,P,4033,LPNK,,,,,,
A5EB03E23C0DF6A0E040640A040252AD,MABES TNI,P,4034,,,,,,,
A5EB03E23B0AF6A0E040640A040252AD,"Badan Meteorologi, Klimatologi dan Geofisika",P,4035,LPNK,,,,,,
A5EB03E23C0EF6A0E040640A040252AD,Sekretariat Kabinet ,P,4036,LPNK,,,,,,
A5EB03E23C0FF6A0E040640A040252AD,Sekretariat Presiden,P,4037,,,,,,,
A5EB03E23B0BF6A0E040640A040252AD,Sekretariat Wakil Presiden,P,4038,,,,,,,
A5EB03E23C10F6A0E040640A040252AD,Sekretariat Militer,P,4039,,,,,,,
A5EB03E23C11F6A0E040640A040252AD,Badan Narkotika Nasional,P,4040,LPNK,,,,,,
A5EB03E23D54F6A0E040640A040252AD,Setjen Komisi Pemilihan Umum,P,4041,LNS,,,,,,
A5EB03E23D55F6A0E040640A040252AD,Badan Nasional Penanggulangan Bencana,P,4043,LPNK,,,,,,
A5EB03E23D56F6A0E040640A040252AD,Setjen KOMNAS HAM,P,4044,LNS,,,,,,
A5EB03E23D45F6A0E040640A040252AD,Badan Pengusahaan Kawasan Perdagangan Bebas dan Pelabuhan Bebas Batam,P,4045,LNS,,,,,,
A5EB03E23D3DF6A0E040640A040252AD,Kepaniteraan dan Sekretariat Jenderal Mahkamah Konstitusi RI,P,4046,LPNK,,,,,,
A5EB03E23D43F6A0E040640A040252AD,Komisi Pemberantasan Korupsi,P,4047,LNS,,,,,,
A5EB03E23D47F6A0E040640A040252AD,Setjen KORPRI,P,4048,,,,,,,
A5EB03E23B1CF6A0E040640A040252AD,Sekretariat Jenderal Komisi Yudisial,P,4049,LPNK,,,,,,
A5EB03E23B1DF6A0E040640A040252AD,Setjen Dewan Perwakilan Daerah,P,4050,LPNK,,,,,,
A5EB03E23D48F6A0E040640A040252AD,Badan Pelindungan Pekerja Migran Indonesia,P,4051,LPNK,,,,,,
A5EB03E23B7AF6A0E040640A040252AD,Badan Keamanan Laut RI,P,4052,LPNK,,,,,,
A5EB03E23D34F6A0E040640A040252AD,Badan Nasional Pencarian dan Pertolongan,P,4053,LPNK,,,,,,
A5EB03E23D4BF6A0E040640A040252AD,Lembaga Kebijakan Pengadaan Barang/Jasa Pemerintah,P,4054,LPNK,,,,,,
A5EB03E23D64F6A0E040640A040252AD,Pusat Pelaporan dan Analisis Transaksi Keuangan,P,4055,LNS,,,,,,
A5EB03E23CFDF6A0E040640A040252AD,Ombudsman Republik Indonesia,P,4056,LNS,,,,,,
A5EB03E23D67F6A0E040640A040252AD,TELEVISI REPUBLIK INDONESIA,P,4057,,,,,,,
A5EB03E23D4DF6A0E040640A040252AD,RADIO REPUBLIK INDONESIA,P,4058,,,,,,,
A5EB03E23C5EF6A0E040640A040252AD,Badan Nasional Pengelola Perbatasan,P,4059,LNS,,,,,,
A5EB03E23C5FF6A0E040640A040252AD,Badan Nasional Penanggulangan Terorisme,P,4060,LPNK,,,,,,
8ae482893d68b543013d7c73e421677a,Setjen Komisi Pengawas Persaingan Usaha,P,4061,LNS,,,,,,
8ae4828940ecc41d0140f19098654ee4,Badan Pengawas Pemilihan Umum,P,4062,LNS,,,,,,
8ae48288503bd9ee0150606afe0c766e,Komisi Aparatur Sipil Negara,P,4063,LNS,,,,,,
23B3C7AFE842586CE050640A150208C2,Badan Ekonomi Kreatif,P,4064,LPNK,,,,,,
6291CFA065278E99E050640A290279EA,Lembaga Perlindungan Saksi dan Korban,P,4065,LNS,,,,,,
748FC9961C1A485EE050640A2A030F86,Badan Pembinaan Ideologi Pancasila,P,4066,LPNK,,,,,,
C5CD908671C69920E050640AF108625B,Badan Riset dan Inovasi Nasional,P,4067,LPNK,,,,,,
CE1DEAA62F83ECDFE050640AF1083757,Badan Pangan Nasional,P,4068,LPNK,,,,,,
A5EB03E23B0CF6A0E040640A040252AD,Pemerintah Aceh,D,5100,PROV,,,,,,
A5EB03E23C12F6A0E040640A040252AD,Pemerintah Kab. Aceh Besar,D,5101,KAB,,,,,,
A5EB03E23C13F6A0E040640A040252AD,Pemerintah Kab. Pidie,D,5102,KAB,,,,,,
A5EB03E23B0DF6A0E040640A040252AD,Pemerintah Kab. Aceh Utara,D,5103,KAB,,,,,,
A5EB03E23C14F6A0E040640A040252AD,Pemerintah Kab. Aceh Timur,D,5104,KAB,,,,,,
A5EB03E23B0EF6A0E040640A040252AD,Pemerintah Kab. Aceh Selatan,D,5105,KAB,,,,,,
A5EB03E23C15F6A0E040640A040252AD,Pemerintah Kab. Aceh Barat,D,5106,KAB,,,,,,
A5EB03E23B0FF6A0E040640A040252AD,Pemerintah Kab. Aceh Tengah,D,5107,KAB,,,,,,
A5EB03E23C16F6A0E040640A040252AD,Pemerintah Kab. Aceh Tenggara,D,5108,KAB,,,,,,
A5EB03E23B10F6A0E040640A040252AD,Pemerintah Kab. Simeulue,D,5109,KAB,,,,,,
A5EB03E23C17F6A0E040640A040252AD,Pemerintah Kab. Bireuen,D,5110,KAB,,,,,,
A5EB03E23BDEF6A0E040640A040252AD,Pemerintah Kab. Aceh Singkil,D,5111,KAB,,,,,,
A5EB03E23B11F6A0E040640A040252AD,Pemerintah Kab. Aceh Barat Daya,D,5112,KAB,,,,,,
A5EB03E23C18F6A0E040640A040252AD,Pemerintah Kab. Gayo Lues,D,5113,KAB,,,,,,
A5EB03E23B12F6A0E040640A040252AD,Pemerintah Kab. Aceh Tamiang,D,5114,KAB,,,,,,
A5EB03E23C19F6A0E040640A040252AD,Pemerintah Kab. Nagan Raya,D,5115,KAB,,,,,,
A5EB03E23B13F6A0E040640A040252AD,Pemerintah Kab. Aceh Jaya,D,5116,KAB,,,,,,
A5EB03E23D2FF6A0E040640A040252AD,Pemerintah Kab. Bener Meriah,D,5117,KAB,,,,,,
A5EB03E23BE0F6A0E040640A040252AD,Pemerintah Kab. Pidie Jaya,D,5118,KAB,,,,,,
A5EB03E23C1AF6A0E040640A040252AD,Pemerintah Kota Sabang,D,5171,KOT,,,,,,
A5EB03E23C27F6A0E040640A040252AD,Pemerintah Kota Banda Aceh,D,5172,KOT,,,,,,
A5EB03E23C28F6A0E040640A040252AD,Pemerintah Kota Langsa,D,5173,KOT,,,,,,
A5EB03E23C29F6A0E040640A040252AD,Pemerintah Kota Lhokseumawe,D,5174,KOT,,,,,,
A5EB03E23BDFF6A0E040640A040252AD,Pemerintah Kota Subulussalam,D,5175,KOT,,,,,,
A5EB03E23C2AF6A0E040640A040252AD,Pemerintah Provinsi Sumatera Utara,D,5200,PROV,,,,,,
A5EB03E23C95F6A0E040640A040252AD,Pemerintah Kab. Deli Serdang,D,5201,KAB,,,,,,
A5EB03E23C96F6A0E040640A040252AD,Pemerintah Kab. Karo,D,5202,KAB,,,,,,
A5EB03E23C97F6A0E040640A040252AD,Pemerintah Kab. Langkat,D,5203,KAB,,,,,,
A5EB03E23C98F6A0E040640A040252AD,Pemerintah Kab. Tapanuli Tengah,D,5204,KAB,,,,,,
A5EB03E23C99F6A0E040640A040252AD,Pemerintah Kab. Simalungun,D,5205,KAB,,,,,,
A5EB03E23C9AF6A0E040640A040252AD,Pemerintah Kab. Labuhanbatu,D,5206,KAB,,,,,,
A5EB03E23B49F6A0E040640A040252AD,Pemerintah Kab. Dairi,D,5207,KAB,,,,,,
A5EB03E23C9BF6A0E040640A040252AD,Pemerintah Kab. Tapanuli Utara,D,5208,KAB,,,,,,
A5EB03E23C9CF6A0E040640A040252AD,Pemerintah Kab. Tapanuli Selatan,D,5209,KAB,,,,,,
A5EB03E23C9DF6A0E040640A040252AD,Pemerintah Kab. Asahan,D,5210,KAB,,,,,,
A5EB03E23C9EF6A0E040640A040252AD,Pemerintah Kab. Nias,D,5211,KAB,,,,,,
A5EB03E23C9FF6A0E040640A040252AD,Pemerintah Kab. Toba,D,5212,KAB,,,,,,
A5EB03E23CA0F6A0E040640A040252AD,Pemerintah Kab. Mandailing Natal,D,5213,KAB,,,,,,
A5EB03E23B14F6A0E040640A040252AD,Pemerintah Kab. Nias Selatan,D,5214,KAB,,,,,,
A5EB03E23CA1F6A0E040640A040252AD,Pemerintah Kab. Humbang Hasundutan,D,5215,KAB,,,,,,
A5EB03E23B15F6A0E040640A040252AD,Pemerintah Kab. Pakpak Bharat,D,5216,KAB,,,,,,
A5EB03E23D2BF6A0E040640A040252AD,Pemerintah Kab. Samosir,D,5217,KAB,,,,,,
A5EB03E23B4AF6A0E040640A040252AD,Pemerintah Kab. Serdang Bedagai,D,5218,KAB,,,,,,
A5EB03E23BE1F6A0E040640A040252AD,Pemerintah Kab. Padang Lawas,D,5219,KAB,,,,,,
A5EB03E23BE2F6A0E040640A040252AD,Pemerintah Kab. Padang Lawas Utara,D,5220,KAB,,,,,,
A5EB03E23BE3F6A0E040640A040252AD,Pemerintah Kab. Batubara,D,5221,KAB,,,,,,
A5EB03E23B7CF6A0E040640A040252AD,Pemerintah Kab. Labuhanbatu Selatan,D,5222,KAB,,,,,,
A5EB03E23B7DF6A0E040640A040252AD,Pemerintah Kab. Labuhanbatu Utara,D,5223,KAB,,,,,,
A5EB03E23C23F6A0E040640A040252AD,Pemerintah Kab. Nias Barat,D,5224,KAB,,,,,,
A5EB03E23C24F6A0E040640A040252AD,Pemerintah Kab. Nias Utara,D,5225,KAB,,,,,,
A5EB03E23CA2F6A0E040640A040252AD,Pemerintah Kota Medan,D,5271,KOT,,,,,,
A5EB03E23B16F6A0E040640A040252AD,Pemerintah Kota Tebing Tinggi,D,5272,KOT,,,,,,
A5EB03E23CA3F6A0E040640A040252AD,Pemerintah Kota Binjai,D,5273,KOT,,,,,,
A5EB03E23B17F6A0E040640A040252AD,Pemerintah Kota Pematangsiantar,D,5274,KOT,,,,,,
A5EB03E23CA4F6A0E040640A040252AD,Pemerintah Kota Tanjungbalai,D,5275,KOT,,,,,,
A5EB03E23CA5F6A0E040640A040252AD,Pemerintah Kota Sibolga,D,5276,KOT,,,,,,
A5EB03E23B18F6A0E040640A040252AD,Pemerintah Kota Padangsidimpuan,D,5277,KOT,,,,,,
A5EB03E23C22F6A0E040640A040252AD,Pemerintah Kota Gunung Sitoli,D,5278,KOT,,,,,,
A5EB03E23CA6F6A0E040640A040252AD,Pemerintah Provinsi Riau,D,5300,PROV,,,,,,
A5EB03E23B19F6A0E040640A040252AD,Pemerintah Kab. Kampar,D,5301,KAB,,,,,,
A5EB03E23CA7F6A0E040640A040252AD,Pemerintah Kab. Bengkalis,D,5302,KAB,,,,,,
A5EB03E23B1AF6A0E040640A040252AD,Pemerintah Kab. Indragiri Hulu,D,5304,KAB,,,,,,
A5EB03E23CA8F6A0E040640A040252AD,Pemerintah Kab. Indragiri Hilir,D,5305,KAB,,,,,,
A5EB03E23B1BF6A0E040640A040252AD,Pemerintah Kab. Pelalawan,D,5306,KAB,,,,,,
A5EB03E23CA9F6A0E040640A040252AD,Pemerintah Kab. Rokan Hulu,D,5307,KAB,,,,,,
A5EB03E23B1EF6A0E040640A040252AD,Pemerintah Kab. Rokan Hilir,D,5308,KAB,,,,,,
A5EB03E23CAAF6A0E040640A040252AD,Pemerintah Kab. Siak,D,5309,KAB,,,,,,
A5EB03E23B1FF6A0E040640A040252AD,Pemerintah Kab. Kuantan Singingi,D,5312,KAB,,,,,,
A5EB03E23D66F6A0E040640A040252AD,Pemerintah Kab. Kepulauan Meranti,D,5313,KAB,,,,,,
A5EB03E23CABF6A0E040640A040252AD,Pemerintah Kota Pekanbaru,D,5371,KOT,,,,,,
A5EB03E23CACF6A0E040640A040252AD,Pemerintah Kota Dumai,D,5373,KOT,,,,,,
A5EB03E23B20F6A0E040640A040252AD,Pemerintah Provinsi Sumatera Barat,D,5400,PROV,,,,,,
A5EB03E23CADF6A0E040640A040252AD,Pemerintah Kab. Agam,D,5401,KAB,,,,,,
A5EB03E23B21F6A0E040640A040252AD,Pemerintah Kab. Pasaman,D,5402,KAB,,,,,,
A5EB03E23B55F6A0E040640A040252AD,Pemerintah Kab. Limapuluh Kota,D,5403,KAB,,,,,,
A5EB03E23B22F6A0E040640A040252AD,Pemerintah Kab. Solok,D,5404,KAB,,,,,,
A5EB03E23CAEF6A0E040640A040252AD,Pemerintah Kab. Padang Pariaman,D,5405,KAB,,,,,,
A5EB03E23B23F6A0E040640A040252AD,Pemerintah Kab. Pesisir Selatan,D,5406,KAB,,,,,,
A5EB03E23CAFF6A0E040640A040252AD,Pemerintah Kab. Tanah Datar,D,5407,KAB,,,,,,
A5EB03E23B24F6A0E040640A040252AD,Pemerintah Kab. Sijunjung,D,5408,KAB,,,,,,
A5EB03E23CB0F6A0E040640A040252AD,Pemerintah Kab. Kep. Mentawai,D,5409,KAB,,,,,,
A5EB03E23D5EF6A0E040640A040252AD,Pemerintah Kab. Solok Selatan,D,5410,KAB,,,,,,
A5EB03E23D30F6A0E040640A040252AD,Pemerintah Kab. Dharmasraya,D,5411,KAB,,,,,,
A5EB03E23D5FF6A0E040640A040252AD,Pemerintah Kab. Pasaman Barat,D,5412,KAB,,,,,,
A5EB03E23B25F6A0E040640A040252AD,Pemerintah Kota Bukittinggi,D,5471,KOT,,,,,,
A5EB03E23CB1F6A0E040640A040252AD,Pemerintah Kota Padang Panjang,D,5472,KOT,,,,,,
A5EB03E23B26F6A0E040640A040252AD,Pemerintah Kota Sawahlunto,D,5473,KOT,,,,,,
A5EB03E23CB2F6A0E040640A040252AD,Pemerintah Kota Solok,D,5474,KOT,,,,,,
A5EB03E23B27F6A0E040640A040252AD,Pemerintah Kota Padang,D,5475,KOT,,,,,,
A5EB03E23CB3F6A0E040640A040252AD,Pemerintah Kota Payakumbuh,D,5476,KOT,,,,,,
A5EB03E23B28F6A0E040640A040252AD,Pemerintah Kota Pariaman,D,5477,KOT,,,,,,
A5EB03E23B4BF6A0E040640A040252AD,Pemerintah Provinsi Jambi,D,5500,PROV,,,,,,
A5EB03E23B29F6A0E040640A040252AD,Pemerintah Kab. Batang Hari,D,5501,KAB,,,,,,
A5EB03E23CB4F6A0E040640A040252AD,Pemerintah Kab. Tanjung Jabung Barat,D,5502,KAB,,,,,,
A5EB03E23B2AF6A0E040640A040252AD,Pemerintah Kab. Bungo,D,5503,KAB,,,,,,
A5EB03E23CB5F6A0E040640A040252AD,Pemerintah Kab. Merangin,D,5504,KAB,,,,,,
A5EB03E23B2BF6A0E040640A040252AD,Pemerintah Kab. Kerinci,D,5505,KAB,,,,,,
A5EB03E23CB6F6A0E040640A040252AD,Pemerintah Kab. Sarolangun,D,5506,KAB,,,,,,
A5EB03E23B2CF6A0E040640A040252AD,Pemerintah Kab. Tebo,D,5507,KAB,,,,,,
A5EB03E23CB7F6A0E040640A040252AD,Pemerintah Kab. Muaro Jambi,D,5508,KAB,,,,,,
A5EB03E23B2DF6A0E040640A040252AD,Pemerintah Kab. Tanjung Jabung Timur,D,5509,KAB,,,,,,
A5EB03E23CB8F6A0E040640A040252AD,Pemerintah Kota Jambi,D,5571,KOT,,,,,,
A5EB03E23B7EF6A0E040640A040252AD,Pemerintah Kota Sungai Penuh,D,5572,KOT,,,,,,
A5EB03E23B2EF6A0E040640A040252AD,Pemerintah Provinsi Sumatera Selatan,D,5600,PROV,,,,,,
A5EB03E23CB9F6A0E040640A040252AD,Pemerintah Kab. Musi Banyuasin,D,5601,KAB,,,,,,
A5EB03E23B2FF6A0E040640A040252AD,Pemerintah Kab. Ogan Komering Ulu,D,5602,KAB,,,,,,
A5EB03E23CBAF6A0E040640A040252AD,Pemerintah Kab. Muara Enim,D,5603,KAB,,,,,,
A5EB03E23CBBF6A0E040640A040252AD,Pemerintah Kab. Lahat,D,5604,KAB,,,,,,
A5EB03E23B30F6A0E040640A040252AD,Pemerintah Kab. Musi Rawas,D,5605,KAB,,,,,,
A5EB03E23CBCF6A0E040640A040252AD,Pemerintah Kab. Ogan Komering Ilir,D,5606,KAB,,,,,,
A5EB03E23B31F6A0E040640A040252AD,Pemerintah Kab. Banyuasin,D,5607,KAB,,,,,,
A5EB03E23D5CF6A0E040640A040252AD,Pemerintah Kab. Ogan Komering Ulu Timur,D,5608,KAB,,,,,,
A5EB03E23D2CF6A0E040640A040252AD,Pemerintah Kab. Ogan Komering Ulu Sel.,D,5609,KAB,,,,,,
A5EB03E23B4CF6A0E040640A040252AD,Pemerintah Kab. Ogan Ilir,D,5610,KAB,,,,,,
A5EB03E23BEEF6A0E040640A040252AD,Pemerintah Kab. Empat Lawang,D,5611,KAB,,,,,,
8ae482894305762301430a5c07e7709c,Pemerintah Kab. Musi Rawas Utara,D,5612,KAB,,,,,,
A5EB03E23CBDF6A0E040640A040252AD,Pemerintah Kota Palembang,D,5671,KOT,,,,,,
A5EB03E23B32F6A0E040640A040252AD,Pemerintah Kota Pagar Alam,D,5672,KOT,,,,,,
A5EB03E23CBEF6A0E040640A040252AD,Pemerintah Kota Lubuk Linggau,D,5673,KOT,,,,,,
A5EB03E23B33F6A0E040640A040252AD,Pemerintah Kota Prabumulih,D,5674,KOT,,,,,,
ff80808140cec7d80140e1972df151c8,Pemerintah Kab. Penukal Abab Lematang Ilir,D,5675,KAB,,,,,,
A5EB03E23CBFF6A0E040640A040252AD,Pemerintah Provinsi Kep. Bangka Belitung,D,5700,PROV,,,,,,
A5EB03E23B56F6A0E040640A040252AD,Pemerintah Kab. Bangka,D,5701,KAB,,,,,,
A5EB03E23B34F6A0E040640A040252AD,Pemerintah Kab. Belitung,D,5702,KAB,,,,,,
A5EB03E23B35F6A0E040640A040252AD,Pemerintah Kab. Bangka Barat,D,5703,KAB,,,,,,
A5EB03E23CC0F6A0E040640A040252AD,Pemerintah Kab. Bangka Tengah,D,5704,KAB,,,,,,
A5EB03E23B36F6A0E040640A040252AD,Pemerintah Kab. Bangka Selatan,D,5705,KAB,,,,,,
A5EB03E23CC1F6A0E040640A040252AD,Pemerintah Kab. Belitung Timur,D,5706,KAB,,,,,,
A5EB03E23CFCF6A0E040640A040252AD,Pemerintah Kota Pangkal Pinang,D,5771,KOT,,,,,,
A5EB03E23C2BF6A0E040640A040252AD,Pemerintah Provinsi Bengkulu,D,5800,PROV,,,,,,
A5EB03E23C2CF6A0E040640A040252AD,Pemerintah Kab. Bengkulu Utara,D,5801,KAB,,,,,,
A5EB03E23C2DF6A0E040640A040252AD,Pemerintah Kab. Bengkulu Selatan,D,5802,KAB,,,,,,
A5EB03E23C2EF6A0E040640A040252AD,Pemerintah Kab. Rejang Lebong,D,5803,KAB,,,,,,
A5EB03E23C2FF6A0E040640A040252AD,Pemerintah Kab. Kaur,D,5804,KAB,,,,,,
A5EB03E23C30F6A0E040640A040252AD,Pemerintah Kab. Seluma,D,5805,KAB,,,,,,
A5EB03E23C31F6A0E040640A040252AD,Pemerintah Kab. Mukomuko,D,5806,KAB,,,,,,
A5EB03E23D2DF6A0E040640A040252AD,Pemerintah Kab. Kepahiang,D,5807,KAB,,,,,,
A5EB03E23B4DF6A0E040640A040252AD,Pemerintah Kab. Lebong,D,5808,KAB,,,,,,
A5EB03E23B7FF6A0E040640A040252AD,Pemerintah Kab. Bengkulu Tengah,D,5809,KAB,,,,,,
A5EB03E23C32F6A0E040640A040252AD,Pemerintah Kota Bengkulu,D,5871,KOT,,,,,,
A5EB03E23C33F6A0E040640A040252AD,Pemerintah Provinsi Lampung,D,5900,PROV,,,,,,
A5EB03E23C34F6A0E040640A040252AD,Pemerintah Kab. Lampung Selatan,D,5901,KAB,,,,,,
A5EB03E23C35F6A0E040640A040252AD,Pemerintah Kab. Lampung Tengah,D,5902,KAB,,,,,,
A5EB03E23C36F6A0E040640A040252AD,Pemerintah Kab. Lampung Utara,D,5903,KAB,,,,,,
A5EB03E23C37F6A0E040640A040252AD,Pemerintah Kab. Lampung Barat,D,5904,KAB,,,,,,
A5EB03E23C38F6A0E040640A040252AD,Pemerintah Kab. Tulang Bawang,D,5905,KAB,,,,,,
A5EB03E23B6EF6A0E040640A040252AD,Pemerintah Kab. Tanggamus,D,5906,KAB,,,,,,
A5EB03E23C39F6A0E040640A040252AD,Pemerintah Kab. Way Kanan,D,5907,KAB,,,,,,
A5EB03E23B6FF6A0E040640A040252AD,Pemerintah Kab. Lampung Timur,D,5908,KAB,,,,,,
A5EB03E23AF7F6A0E040640A040252AD,Pemerintah Kab. Pesawaran,D,5909,KAB,,,,,,
A5EB03E23C21F6A0E040640A040252AD,Pemerintah Kab. Tulang Bawang Barat,D,5910,KAB,,,,,,
A5EB03E23D60F6A0E040640A040252AD,Pemerintah Kab. Pringsewu,D,5911,KAB,,,,,,
A5EB03E23D61F6A0E040640A040252AD,Pemerintah Kab. Mesuji,D,5912,KAB,,,,,,
ff80808141007d280141071724a60046,Pemerintah Kab. Pesisir Barat,D,5913,KAB,,,,,,
A5EB03E23C3AF6A0E040640A040252AD,Pemerintah Kota Metro,D,5971,KOT,,,,,,
A5EB03E23B70F6A0E040640A040252AD,Pemerintah Kota Bandar Lampung,D,5972,KOT,,,,,,
A5EB03E23C3BF6A0E040640A040252AD,Pemerintah Provinsi Daerah Khusus Ibukota Jakarta,D,6000,PROV,,,,,,
A5EB03E23B71F6A0E040640A040252AD,Kab. Kepulauan Seribu,D,6001,,,,,,,
A5EB03E23B74F6A0E040640A040252AD,Pemerintah Provinsi Jawa Barat,D,6100,PROV,,,,,,
A5EB03E23C3FF6A0E040640A040252AD,Pemerintah Kab. Bogor,D,6101,KAB,,,,,,
A5EB03E23C40F6A0E040640A040252AD,Pemerintah Kab. Sukabumi,D,6102,KAB,,,,,,
A5EB03E23B75F6A0E040640A040252AD,Pemerintah Kab. Cianjur,D,6103,KAB,,,,,,
A5EB03E23C41F6A0E040640A040252AD,Pemerintah Kab. Bekasi,D,6104,KAB,,,,,,
A5EB03E23B76F6A0E040640A040252AD,Pemerintah Kab. Karawang,D,6105,KAB,,,,,,
A5EB03E23C42F6A0E040640A040252AD,Pemerintah Kab. Purwakarta,D,6106,KAB,,,,,,
A5EB03E23B77F6A0E040640A040252AD,Pemerintah Kab. Subang,D,6107,KAB,,,,,,
A5EB03E23C43F6A0E040640A040252AD,Pemerintah Kab. Bandung,D,6108,KAB,,,,,,
A5EB03E23B78F6A0E040640A040252AD,Pemerintah Kab. Sumedang,D,6109,KAB,,,,,,
A5EB03E23C44F6A0E040640A040252AD,Pemerintah Kab. Garut,D,6110,KAB,,,,,,
A5EB03E23B79F6A0E040640A040252AD,Pemerintah Kab. Tasikmalaya,D,6111,KAB,,,,,,
A5EB03E23B45F6A0E040640A040252AD,Pemerintah Kab. Ciamis,D,6112,KAB,,,,,,
A5EB03E23C45F6A0E040640A040252AD,Pemerintah Kab. Cirebon,D,6113,KAB,,,,,,
A5EB03E23B97F6A0E040640A040252AD,Pemerintah Kab. Kuningan,D,6114,KAB,,,,,,
A5EB03E23C46F6A0E040640A040252AD,Pemerintah Kab. Indramayu,D,6115,KAB,,,,,,
A5EB03E23B98F6A0E040640A040252AD,Pemerintah Kab. Majalengka,D,6116,KAB,,,,,,
A5EB03E23B7BF6A0E040640A040252AD,Pemerintah Kab. Bandung Barat,D,6117,KAB,,,,,,
ff8080813ff0535b013ff0cd0e792e17,Pemerintah Kab. Pangandaran,D,6118,KAB,,,,,,
A5EB03E23C47F6A0E040640A040252AD,Pemerintah Kota Bandung,D,6171,KOT,,,,,,
A5EB03E23B99F6A0E040640A040252AD,Pemerintah Kota Bogor,D,6172,KOT,,,,,,
A5EB03E23C48F6A0E040640A040252AD,Pemerintah Kota Sukabumi,D,6173,KOT,,,,,,
A5EB03E23B9AF6A0E040640A040252AD,Pemerintah Kota Cirebon,D,6174,KOT,,,,,,
A5EB03E23C49F6A0E040640A040252AD,Pemerintah Kota Bekasi,D,6175,KOT,,,,,,
A5EB03E23B9BF6A0E040640A040252AD,Pemerintah Kota Depok,D,6176,KOT,,,,,,
A5EB03E23C4AF6A0E040640A040252AD,Pemerintah Kota Cimahi,D,6177,KOT,,,,,,
A5EB03E23B9CF6A0E040640A040252AD,Pemerintah Kota Tasikmalaya,D,6178,KOT,,,,,,
A5EB03E23C4BF6A0E040640A040252AD,Pemerintah Kota Banjar,D,6179,KOT,,,,,,
A5EB03E23B9DF6A0E040640A040252AD,Pemerintah Provinsi Banten,D,6200,PROV,,,,,,
A5EB03E23B46F6A0E040640A040252AD,Pemerintah Kab. Serang,D,6201,KAB,,,,,,
A5EB03E23C4CF6A0E040640A040252AD,Pemerintah Kab. Pandeglang,D,6202,KAB,,,,,,
A5EB03E23B9EF6A0E040640A040252AD,Pemerintah Kab. Lebak,D,6203,KAB,,,,,,
A5EB03E23C4DF6A0E040640A040252AD,Pemerintah Kab. Tangerang,D,6204,KAB,,,,,,
A5EB03E23B9FF6A0E040640A040252AD,Pemerintah Kota Tangerang,D,6271,KOT,,,,,,
A5EB03E23C4EF6A0E040640A040252AD,Pemerintah Kota Cilegon,D,6272,KOT,,,,,,
A5EB03E23B81F6A0E040640A040252AD,Pemerintah Kota Serang,D,6273,KOT,,,,,,
A5EB03E23D65F6A0E040640A040252AD,Pemerintah Kota Tangerang Selatan,D,6274,KOT,,,,,,
A5EB03E23BA0F6A0E040640A040252AD,Pemerintah Daerah Daerah Istimewa Yogyakarta,D,6300,PROV,,,,,,
A5EB03E23C4FF6A0E040640A040252AD,Pemerintah Kab. Bantul,D,6301,KAB,,,,,,
A5EB03E23BA1F6A0E040640A040252AD,Pemerintah Kab. Sleman,D,6302,KAB,,,,,,
A5EB03E23B42F6A0E040640A040252AD,Pemerintah Kab. Gunung Kidul,D,6303,KAB,,,,,,
A5EB03E23BA2F6A0E040640A040252AD,Pemerintah Kab. Kulon Progo,D,6304,KAB,,,,,,
A5EB03E23C50F6A0E040640A040252AD,Pemerintah Kota Yogyakarta,D,6371,KOT,,,,,,
A5EB03E23BA3F6A0E040640A040252AD,Pemerintah Provinsi Jawa Tengah,D,6400,PROV,,,,,,
A5EB03E23C51F6A0E040640A040252AD,Pemerintah Kab. Semarang,D,6401,KAB,,,,,,
A5EB03E23C52F6A0E040640A040252AD,Pemerintah Kab. Kendal,D,6402,KAB,,,,,,
A5EB03E23BA4F6A0E040640A040252AD,Pemerintah Kab. Demak,D,6403,KAB,,,,,,
A5EB03E23C53F6A0E040640A040252AD,Pemerintah Kab. Grobogan,D,6404,KAB,,,,,,
A5EB03E23BA5F6A0E040640A040252AD,Pemerintah Kab. Pekalongan,D,6405,KAB,,,,,,
A5EB03E23C54F6A0E040640A040252AD,Pemerintah Kab. Batang,D,6406,KAB,,,,,,
A5EB03E23BA6F6A0E040640A040252AD,Pemerintah Kab. Tegal,D,6407,KAB,,,,,,
A5EB03E23C55F6A0E040640A040252AD,Pemerintah Kab. Brebes,D,6408,KAB,,,,,,
A5EB03E23BA7F6A0E040640A040252AD,Pemerintah Kab. Pati,D,6409,KAB,,,,,,
A5EB03E23C56F6A0E040640A040252AD,Pemerintah Kab. Kudus,D,6410,KAB,,,,,,
A5EB03E23BA8F6A0E040640A040252AD,Pemerintah Kab. Pemalang,D,6411,KAB,,,,,,
A5EB03E23C57F6A0E040640A040252AD,Pemerintah Kab. Jepara,D,6412,KAB,,,,,,
A5EB03E23BA9F6A0E040640A040252AD,Pemerintah Kab. Rembang,D,6413,KAB,,,,,,
A5EB03E23C58F6A0E040640A040252AD,Pemerintah Kab. Blora,D,6414,KAB,,,,,,
A5EB03E23BAAF6A0E040640A040252AD,Pemerintah Kab. Banyumas,D,6415,KAB,,,,,,
A5EB03E23C59F6A0E040640A040252AD,Pemerintah Kab. Cilacap,D,6416,KAB,,,,,,
A5EB03E23BABF6A0E040640A040252AD,Pemerintah Kab. Purbalingga,D,6417,KAB,,,,,,
A5EB03E23C5AF6A0E040640A040252AD,Pemerintah Kab. Banjarnegara,D,6418,KAB,,,,,,
A5EB03E23BACF6A0E040640A040252AD,Pemerintah Kab. Magelang,D,6419,KAB,,,,,,
A5EB03E23C5BF6A0E040640A040252AD,Pemerintah Kab. Temanggung,D,6420,KAB,,,,,,
A5EB03E23CF6F6A0E040640A040252AD,Pemerintah Kab. Wonosobo,D,6421,KAB,,,,,,
A5EB03E23BADF6A0E040640A040252AD,Pemerintah Kab. Purworejo,D,6422,KAB,,,,,,
A5EB03E23C5CF6A0E040640A040252AD,Pemerintah Kab. Kebumen,D,6423,KAB,,,,,,
A5EB03E23C5DF6A0E040640A040252AD,Pemerintah Kab. Klaten,D,6424,KAB,,,,,,
A5EB03E23CC2F6A0E040640A040252AD,Pemerintah Kab. Boyolali,D,6425,KAB,,,,,,
A5EB03E23CC3F6A0E040640A040252AD,Pemerintah Kab. Sragen,D,6426,KAB,,,,,,
A5EB03E23CC4F6A0E040640A040252AD,Pemerintah Kab. Sukoharjo,D,6427,KAB,,,,,,
A5EB03E23CC5F6A0E040640A040252AD,Pemerintah Kab. Karanganyar,D,6428,KAB,,,,,,
A5EB03E23CC6F6A0E040640A040252AD,Pemerintah Kab. Wonogiri,D,6429,KAB,,,,,,
A5EB03E23CC7F6A0E040640A040252AD,Pemerintah Kota Semarang,D,6471,KOT,,,,,,
A5EB03E23CC8F6A0E040640A040252AD,Pemerintah Kota Salatiga,D,6472,KOT,,,,,,
A5EB03E23CC9F6A0E040640A040252AD,Pemerintah Kota Pekalongan,D,6473,KOT,,,,,,
A5EB03E23CCAF6A0E040640A040252AD,Pemerintah Kota Tegal,D,6474,KOT,,,,,,
A5EB03E23CCBF6A0E040640A040252AD,Pemerintah Kota Magelang,D,6475,KOT,,,,,,
A5EB03E23B43F6A0E040640A040252AD,Pemerintah Kota Surakarta,D,6476,KOT,,,,,,
A5EB03E23CCCF6A0E040640A040252AD,Pemerintah Provinsi Jawa Timur,D,6500,PROV,,,,,,
A5EB03E23CCDF6A0E040640A040252AD,Pemerintah Kab. Gresik,D,6501,KAB,,,,,,
A5EB03E23CCEF6A0E040640A040252AD,Pemerintah Kab. Mojokerto,D,6502,KAB,,,,,,
A5EB03E23CCFF6A0E040640A040252AD,Pemerintah Kab. Sidoarjo,D,6503,KAB,,,,,,
A5EB03E23CD0F6A0E040640A040252AD,Pemerintah Kab. Jombang,D,6504,KAB,,,,,,
A5EB03E23CD1F6A0E040640A040252AD,Pemerintah Kab. Sampang,D,6505,KAB,,,,,,
A5EB03E23CD2F6A0E040640A040252AD,Pemerintah Kab. Pamekasan,D,6506,KAB,,,,,,
A5EB03E23B37F6A0E040640A040252AD,Pemerintah Kab. Sumenep,D,6507,KAB,,,,,,
A5EB03E23CD3F6A0E040640A040252AD,Pemerintah Kab. Bangkalan,D,6508,KAB,,,,,,
A5EB03E23B38F6A0E040640A040252AD,Pemerintah Kab. Bondowoso,D,6509,KAB,,,,,,
A5EB03E23CD4F6A0E040640A040252AD,Pemerintah Kab. Situbondo,D,6510,KAB,,,,,,
A5EB03E23B39F6A0E040640A040252AD,Pemerintah Kab. Banyuwangi,D,6511,KAB,,,,,,
A5EB03E23CD5F6A0E040640A040252AD,Pemerintah Kab. Jember,D,6512,KAB,,,,,,
A5EB03E23B3AF6A0E040640A040252AD,Pemerintah Kab. Malang,D,6513,KAB,,,,,,
A5EB03E23CD6F6A0E040640A040252AD,Pemerintah Kab. Pasuruan,D,6514,KAB,,,,,,
A5EB03E23B3BF6A0E040640A040252AD,Pemerintah Kab. Probolinggo,D,6515,KAB,,,,,,
A5EB03E23CD7F6A0E040640A040252AD,Pemerintah Kab. Lumajang,D,6516,KAB,,,,,,
A5EB03E23B3CF6A0E040640A040252AD,Pemerintah Kab. Kediri,D,6517,KAB,,,,,,
A5EB03E23CD8F6A0E040640A040252AD,Pemerintah Kab. Tulungagung,D,6518,KAB,,,,,,
A5EB03E23B3DF6A0E040640A040252AD,Pemerintah Kab. Nganjuk,D,6519,KAB,,,,,,
A5EB03E23CD9F6A0E040640A040252AD,Pemerintah Kab. Trenggalek,D,6520,KAB,,,,,,
A5EB03E23B3EF6A0E040640A040252AD,Pemerintah Kab. Blitar,D,6521,KAB,,,,,,
A5EB03E23CDAF6A0E040640A040252AD,Pemerintah Kab. Madiun,D,6522,KAB,,,,,,
A5EB03E23B3FF6A0E040640A040252AD,Pemerintah Kab. Ngawi,D,6523,KAB,,,,,,
A5EB03E23CDBF6A0E040640A040252AD,Pemerintah Kab. Magetan,D,6524,KAB,,,,,,
A5EB03E23B40F6A0E040640A040252AD,Pemerintah Kab. Ponorogo,D,6525,KAB,,,,,,
A5EB03E23CDCF6A0E040640A040252AD,Pemerintah Kab. Pacitan,D,6526,KAB,,,,,,
A5EB03E23B41F6A0E040640A040252AD,Pemerintah Kab. Bojonegoro,D,6527,KAB,,,,,,
A5EB03E23CDDF6A0E040640A040252AD,Pemerintah Kab. Tuban,D,6528,KAB,,,,,,
A5EB03E23B57F6A0E040640A040252AD,Pemerintah Kab. Lamongan,D,6529,KAB,,,,,,
A5EB03E23B44F6A0E040640A040252AD,Pemerintah Kota Surabaya,D,6571,KOT,,,,,,
A5EB03E23CDEF6A0E040640A040252AD,Pemerintah Kota Mojokerto,D,6572,KOT,,,,,,
A5EB03E23B58F6A0E040640A040252AD,Pemerintah Kota Malang,D,6573,KOT,,,,,,
A5EB03E23CDFF6A0E040640A040252AD,Pemerintah Kota Pasuruan,D,6574,KOT,,,,,,
A5EB03E23B59F6A0E040640A040252AD,Pemerintah Kota Probolinggo,D,6575,KOT,,,,,,
A5EB03E23CE0F6A0E040640A040252AD,Pemerintah Kota Blitar,D,6576,KOT,,,,,,
A5EB03E23B5AF6A0E040640A040252AD,Pemerintah Kota Kediri,D,6577,KOT,,,,,,
A5EB03E23CE1F6A0E040640A040252AD,Pemerintah Kota Madiun,D,6578,KOT,,,,,,
A5EB03E23B5BF6A0E040640A040252AD,Pemerintah Kota Batu,D,6579,KOT,,,,,,
A5EB03E23B5CF6A0E040640A040252AD,Pemerintah Provinsi Kalimantan Barat,D,6600,PROV,,,,,,
A5EB03E23CE2F6A0E040640A040252AD,Pemerintah Kab. Sambas,D,6601,KAB,,,,,,
A5EB03E23CE3F6A0E040640A040252AD,Pemerintah Kab. Sanggau,D,6602,KAB,,,,,,
A5EB03E23CE4F6A0E040640A040252AD,Pemerintah Kab. Sintang,D,6603,KAB,,,,,,
A5EB03E23B5DF6A0E040640A040252AD,Pemerintah Kab. Mempawah,D,6604,KAB,,,,,,
A5EB03E23CE5F6A0E040640A040252AD,Pemerintah Kab. Kapuas Hulu,D,6605,KAB,,,,,,
A5EB03E23B5EF6A0E040640A040252AD,Pemerintah Kab. Ketapang,D,6606,KAB,,,,,,
A5EB03E23CE6F6A0E040640A040252AD,Pemerintah Kab. Bengkayang,D,6607,KAB,,,,,,
A5EB03E23B5FF6A0E040640A040252AD,Pemerintah Kab. Landak,D,6608,KAB,,,,,,
A5EB03E23D2EF6A0E040640A040252AD,Pemerintah Kab. Melawi,D,6609,KAB,,,,,,
A5EB03E23D5DF6A0E040640A040252AD,Pemerintah Kab. Sekadau,D,6610,KAB,,,,,,
A5EB03E23D4AF6A0E040640A040252AD,Pemerintah Kab. Kubu Raya,D,6611,KAB,,,,,,
A5EB03E23BDDF6A0E040640A040252AD,Pemerintah Kab. Kayong Utara,D,6612,KAB,,,,,,
A5EB03E23B60F6A0E040640A040252AD,Pemerintah Kota Pontianak,D,6671,KOT,,,,,,
A5EB03E23CE7F6A0E040640A040252AD,Pemerintah Kota Singkawang,D,6672,KOT,,,,,,
A5EB03E23B61F6A0E040640A040252AD,Pemerintah Provinsi Kalimantan Tengah,D,6700,PROV,,,,,,
A5EB03E23CE8F6A0E040640A040252AD,Pemerintah Kab. Kapuas,D,6701,KAB,,,,,,
A5EB03E23CE9F6A0E040640A040252AD,Pemerintah Kab. Barito Utara,D,6702,KAB,,,,,,
A5EB03E23B62F6A0E040640A040252AD,Pemerintah Kab. Barito Selatan,D,6703,KAB,,,,,,
A5EB03E23CEAF6A0E040640A040252AD,Pemerintah Kab. Kotawaringin Timur,D,6704,KAB,,,,,,
A5EB03E23B63F6A0E040640A040252AD,Pemerintah Kab. Kotawaringin Barat,D,6705,KAB,,,,,,
A5EB03E23CEBF6A0E040640A040252AD,Pemerintah Kab. Pulang Pisau,D,6706,KAB,,,,,,
A5EB03E23B64F6A0E040640A040252AD,Pemerintah Kab. Gunung Mas,D,6707,KAB,,,,,,
A5EB03E23CECF6A0E040640A040252AD,Pemerintah Kab. Lamandau,D,6708,KAB,,,,,,
A5EB03E23B65F6A0E040640A040252AD,Pemerintah Kab. Sukamara,D,6709,KAB,,,,,,
A5EB03E23CEDF6A0E040640A040252AD,Pemerintah Kab. Murung Raya,D,6710,KAB,,,,,,
A5EB03E23B66F6A0E040640A040252AD,Pemerintah Kab. Katingan,D,6711,KAB,,,,,,
A5EB03E23CEEF6A0E040640A040252AD,Pemerintah Kab. Seruyan,D,6712,KAB,,,,,,
A5EB03E23B67F6A0E040640A040252AD,Pemerintah Kab. Barito Timur,D,6713,KAB,,,,,,
A5EB03E23B4EF6A0E040640A040252AD,Pemerintah Kota Palangka Raya,D,6771,KOT,,,,,,
A5EB03E23B68F6A0E040640A040252AD,Pemerintah Provinsi Kalimantan Selatan,D,6800,PROV,,,,,,
A5EB03E23CEFF6A0E040640A040252AD,Pemerintah Kab. Banjar,D,6801,KAB,,,,,,
A5EB03E23CF0F6A0E040640A040252AD,Pemerintah Kab. Tanah Laut,D,6802,KAB,,,,,,
A5EB03E23B69F6A0E040640A040252AD,Pemerintah Kab. Tapin,D,6803,KAB,,,,,,
A5EB03E23CF1F6A0E040640A040252AD,Pemerintah Kab. Hulu Sungai Selatan,D,6804,KAB,,,,,,
A5EB03E23B6AF6A0E040640A040252AD,Pemerintah Kab. Hulu Sungai Tengah,D,6805,KAB,,,,,,
A5EB03E23CF2F6A0E040640A040252AD,Pemerintah Kab. Barito Kuala,D,6806,KAB,,,,,,
A5EB03E23B6BF6A0E040640A040252AD,Pemerintah Kab. Tabalong,D,6807,KAB,,,,,,
A5EB03E23CF3F6A0E040640A040252AD,Pemerintah Kab. Kotabaru,D,6808,KAB,,,,,,
A5EB03E23B6CF6A0E040640A040252AD,Pemerintah Kab. Hulu Sungai Utara,D,6809,KAB,,,,,,
A5EB03E23CF7F6A0E040640A040252AD,Pemerintah Kab. Tanah Bumbu,D,6810,KAB,,,,,,
A5EB03E23CF4F6A0E040640A040252AD,Pemerintah Kab. Balangan,D,6811,KAB,,,,,,
A5EB03E23CF5F6A0E040640A040252AD,Pemerintah Kota Banjarmasin,D,6871,KOT,,,,,,
A5EB03E23B6DF6A0E040640A040252AD,Pemerintah Kota Banjarbaru,D,6872,KOT,,,,,,
A5EB03E23C61F6A0E040640A040252AD,Pemerintah Provinsi Kalimantan Timur,D,6900,PROV,,,,,,
A5EB03E23C62F6A0E040640A040252AD,Pemerintah Kab. Kutai Kartanegara,D,6901,KAB,,,,,,
A5EB03E23C63F6A0E040640A040252AD,Pemerintah Kab. Paser,D,6902,KAB,,,,,,
A5EB03E23C65F6A0E040640A040252AD,Pemerintah Kab. Berau,D,6904,KAB,,,,,,
A5EB03E23B4FF6A0E040640A040252AD,Pemerintah Kab. Kutai Barat,D,6907,KAB,,,,,,
A5EB03E23C68F6A0E040640A040252AD,Pemerintah Kab. Kutai Timur,D,6908,KAB,,,,,,
A5EB03E23C69F6A0E040640A040252AD,Pemerintah Kab. Penajam Paser Utara,D,6910,KAB,,,,,,
ff8080813ff0535b013ff0b296d924a7,Pemerintah Kab. Mahakam Ulu,D,6912,KAB,,,,,,
A5EB03E23C6AF6A0E040640A040252AD,Pemerintah Kota Samarinda,D,6971,KOT,,,,,,
A5EB03E23C6BF6A0E040640A040252AD,Pemerintah Kota Balikpapan,D,6972,KOT,,,,,,
A5EB03E23C6CF6A0E040640A040252AD,Pemerintah Kota Bontang,D,6973,KOT,,,,,,
A5EB03E23C6EF6A0E040640A040252AD,Pemerintah Provinsi Sulawesi Utara,D,7000,PROV,,,,,,
A5EB03E23C6FF6A0E040640A040252AD,Pemerintah Kab. Minahasa,D,7001,KAB,,,,,,
A5EB03E23BAEF6A0E040640A040252AD,Pemerintah Kab. Bolaang Mongondow,D,7002,KAB,,,,,,
A5EB03E23C70F6A0E040640A040252AD,Pemerintah Kab. Kepulauan Sangihe,D,7003,KAB,,,,,,
A5EB03E23BAFF6A0E040640A040252AD,Pemerintah Kab. Minahasa Selatan,D,7004,KAB,,,,,,
A5EB03E23B53F6A0E040640A040252AD,Pemerintah Kab. Kepulauan Talaud,D,7005,KAB,,,,,,
A5EB03E23D44F6A0E040640A040252AD,Pemerintah Kab. Minahasa Utara,D,7006,KAB,,,,,,
A5EB03E23B83F6A0E040640A040252AD,Pemerintah Kab. Bolaang Mongondow Utara,D,7007,KAB,,,,,,
A5EB03E23B84F6A0E040640A040252AD,Pemerintah Kab. Kepulauan Siau Tagulandang Biaro,D,7008,KAB,,,,,,
A5EB03E23B85F6A0E040640A040252AD,Pemerintah Kab. Minahasa Tenggara,D,7009,KAB,,,,,,
A5EB03E23B86F6A0E040640A040252AD,Pemerintah Kab. Bolaang Mongondow Selatan,D,7012,KAB,,,,,,
A5EB03E23B87F6A0E040640A040252AD,Pemerintah Kab. Bolaang Mongondow Timur,D,7013,KAB,,,,,,
A5EB03E23C71F6A0E040640A040252AD,Pemerintah Kota Manado,D,7071,KOT,,,,,,
A5EB03E23BB0F6A0E040640A040252AD,Pemerintah Kota Bitung,D,7072,KOT,,,,,,
A5EB03E23C72F6A0E040640A040252AD,Pemerintah Kota Tomohon,D,7073,KOT,,,,,,
A5EB03E23B88F6A0E040640A040252AD,Pemerintah Kota KotaMobagu,D,7074,KOT,,,,,,
A5EB03E23BB1F6A0E040640A040252AD,Pemerintah Provinsi Gorontalo,D,7100,PROV,,,,,,
A5EB03E23C73F6A0E040640A040252AD,Pemerintah Kab. Gorontalo,D,7101,KAB,,,,,,
A5EB03E23BB2F6A0E040640A040252AD,Pemerintah Kab. Boalemo,D,7102,KAB,,,,,,
A5EB03E23C74F6A0E040640A040252AD,Pemerintah Kab. Pohuwato,D,7103,KAB,,,,,,
A5EB03E23BB3F6A0E040640A040252AD,Pemerintah Kab. Bone Bolango,D,7104,KAB,,,,,,
A5EB03E23B8BF6A0E040640A040252AD,Pemerintah Kab. Gorontalo Utara,D,7105,KAB,,,,,,
A5EB03E23C75F6A0E040640A040252AD,Pemerintah Kota Gorontalo,D,7171,KOT,,,,,,
A5EB03E23BB4F6A0E040640A040252AD,Pemerintah Provinsi Sulawesi Tengah,D,7200,PROV,,,,,,
A5EB03E23C76F6A0E040640A040252AD,Pemerintah Kab. Poso,D,7201,KAB,,,,,,
A5EB03E23C77F6A0E040640A040252AD,Pemerintah Kab. Donggala,D,7202,KAB,,,,,,
A5EB03E23BB5F6A0E040640A040252AD,Pemerintah Kab. Tolitoli,D,7203,KAB,,,,,,
A5EB03E23C78F6A0E040640A040252AD,Pemerintah Kab. Banggai,D,7204,KAB,,,,,,
A5EB03E23BB6F6A0E040640A040252AD,Pemerintah Kab. Buol,D,7205,KAB,,,,,,
A5EB03E23C79F6A0E040640A040252AD,Pemerintah Kab. Morowali,D,7206,KAB,,,,,,
A5EB03E23BB7F6A0E040640A040252AD,Pemerintah Kab. Banggai Kepulauan,D,7207,KAB,,,,,,
A5EB03E23C7AF6A0E040640A040252AD,Pemerintah Kab. Parigi Moutong,D,7208,KAB,,,,,,
A5EB03E23D35F6A0E040640A040252AD,Pemerintah Kab. Tojo Una Una,D,7209,KAB,,,,,,
A5EB03E23B89F6A0E040640A040252AD,Pemerintah Kab. Sigi,D,7210,KAB,,,,,,
ff8080813ff0535b013ff0d48c5e2efe,Pemerintah Kab. Banggai Laut,D,7211,KAB,,,,,,
ff8080814449b7e401444ea883ac0829,Pemerintah Kab. Morowali Utara,D,7212,KAB,,,,,,
A5EB03E23BB8F6A0E040640A040252AD,Pemerintah Kota Palu,D,7271,KOT,,,,,,
A5EB03E23BB9F6A0E040640A040252AD,Pemerintah Provinsi Sulawesi Selatan,D,7300,PROV,,,,,,
A5EB03E23C7BF6A0E040640A040252AD,Pemerintah Kab. Pinrang,D,7301,KAB,,,,,,
A5EB03E23C7CF6A0E040640A040252AD,Pemerintah Kab. Gowa,D,7302,KAB,,,,,,
A5EB03E23C7DF6A0E040640A040252AD,Pemerintah Kab. Wajo,D,7303,KAB,,,,,,
A5EB03E23BBAF6A0E040640A040252AD,Pemerintah Kab. Bone,D,7305,KAB,,,,,,
A5EB03E23C7EF6A0E040640A040252AD,Pemerintah Kab. Tana Toraja,D,7306,KAB,,,,,,
A5EB03E23BBBF6A0E040640A040252AD,Pemerintah Kab. Maros,D,7307,KAB,,,,,,
A5EB03E23C7FF6A0E040640A040252AD,Pemerintah Kab. Luwu,D,7309,KAB,,,,,,
A5EB03E23BBCF6A0E040640A040252AD,Pemerintah Kab. Sinjai,D,7310,KAB,,,,,,
A5EB03E23B47F6A0E040640A040252AD,Pemerintah Kab. Bulukumba,D,7311,KAB,,,,,,
A5EB03E23BBDF6A0E040640A040252AD,Pemerintah Kab. Bantaeng,D,7312,KAB,,,,,,
A5EB03E23C80F6A0E040640A040252AD,Pemerintah Kab. Jeneponto,D,7313,KAB,,,,,,
A5EB03E23BBEF6A0E040640A040252AD,Pemerintah Kab. Kepulauan Selayar,D,7314,KAB,,,,,,
A5EB03E23C81F6A0E040640A040252AD,Pemerintah Kab. Takalar,D,7315,KAB,,,,,,
A5EB03E23BBFF6A0E040640A040252AD,Pemerintah Kab. Barru,D,7316,KAB,,,,,,
A5EB03E23BC0F6A0E040640A040252AD,Pemerintah Kab. Sidenreng Rappang,D,7317,KAB,,,,,,
A5EB03E23C82F6A0E040640A040252AD,Pemerintah Kab. Pangkajene dan Kepulauan,D,7318,KAB,,,,,,
A5EB03E23C83F6A0E040640A040252AD,Pemerintah Kab. Soppeng,D,7319,KAB,,,,,,
A5EB03E23BC1F6A0E040640A040252AD,Pemerintah Kab. Enrekang,D,7321,KAB,,,,,,
A5EB03E23C84F6A0E040640A040252AD,Pemerintah Kab. Luwu Utara,D,7322,KAB,,,,,,
A5EB03E23BC2F6A0E040640A040252AD,Pemerintah Kab. Luwu Timur,D,7325,KAB,,,,,,
A5EB03E23B8AF6A0E040640A040252AD,Pemerintah Kab. Toraja Utara,D,7326,KAB,,,,,,
A5EB03E23C85F6A0E040640A040252AD,Pemerintah Kota Makassar,D,7371,KOT,,,,,,
A5EB03E23BC3F6A0E040640A040252AD,Pemerintah Kota Parepare,D,7372,KOT,,,,,,
A5EB03E23C86F6A0E040640A040252AD,Pemerintah Kota Palopo,D,7373,KOT,,,,,,
A5EB03E23BC4F6A0E040640A040252AD,Pemerintah Provinsi Sulawesi Tenggara,D,7400,PROV,,,,,,
A5EB03E23C87F6A0E040640A040252AD,Pemerintah Kab. Konawe,D,7401,KAB,,,,,,
A5EB03E23C88F6A0E040640A040252AD,Pemerintah Kab. Buton,D,7402,KAB,,,,,,
A5EB03E23BC5F6A0E040640A040252AD,Pemerintah Kab. Muna,D,7403,KAB,,,,,,
A5EB03E23C89F6A0E040640A040252AD,Pemerintah Kab. Kolaka,D,7404,KAB,,,,,,
A5EB03E23BC6F6A0E040640A040252AD,Pemerintah Kab. Konawe Selatan,D,7405,KAB,,,,,,
A5EB03E23D36F6A0E040640A040252AD,Pemerintah Kab. Kolaka Utara,D,7406,KAB,,,,,,
A5EB03E23D37F6A0E040640A040252AD,Pemerintah Kab. Bombana,D,7407,KAB,,,,,,
A5EB03E23D38F6A0E040640A040252AD,Pemerintah Kab. Wakatobi,D,7408,KAB,,,,,,
A5EB03E23D32F6A0E040640A040252AD,Pemerintah Kab. Buton Utara,D,7410,KAB,,,,,,
A5EB03E23D33F6A0E040640A040252AD,Pemerintah Kab. Konawe Utara,D,7411,KAB,,,,,,
ff808081407013be0140718ae4665cb5,Pemerintah Kab. Kolaka Timur,D,7412,KAB,,,,,,
8ae4828944dd62730144dd79597f077b,Pemerintah Kab. Konawe Kepulauan,D,7413,KAB,,,,,,
0C8286E5D5268A36E050640A150223A8,Pemerintah Kab. Buton Selatan,D,7414,KAB,,,,,,
0E4FE60BDC1D9C73E050640A0202492C,Pemerintah Kab. Buton Tengah,D,7415,KAB,,,,,,
8ae482894bca19a4014bd87660831274,Pemerintah Kab. Muna Barat,D,7416,KAB,,,,,,
A5EB03E23C8AF6A0E040640A040252AD,Pemerintah Kota Kendari,D,7471,KOT,,,,,,
A5EB03E23BC7F6A0E040640A040252AD,Pemerintah Kota Baubau,D,7472,KOT,,,,,,
A5EB03E23C8BF6A0E040640A040252AD,Pemerintah Provinsi Bali,D,7500,PROV,,,,,,
A5EB03E23BC8F6A0E040640A040252AD,Pemerintah Kab. Buleleng,D,7501,KAB,,,,,,
A5EB03E23C8CF6A0E040640A040252AD,Pemerintah Kab. Jembrana,D,7502,KAB,,,,,,
A5EB03E23BC9F6A0E040640A040252AD,Pemerintah Kab. Klungkung,D,7503,KAB,,,,,,
A5EB03E23C8DF6A0E040640A040252AD,Pemerintah Kab. Gianyar,D,7504,KAB,,,,,,
A5EB03E23BCAF6A0E040640A040252AD,Pemerintah Kab. Karangasem,D,7505,KAB,,,,,,
A5EB03E23C8EF6A0E040640A040252AD,Pemerintah Kab. Bangli,D,7506,KAB,,,,,,
A5EB03E23C8FF6A0E040640A040252AD,Pemerintah Kab. Badung,D,7507,KAB,,,,,,
A5EB03E23CF8F6A0E040640A040252AD,Pemerintah Kab. Tabanan,D,7508,KAB,,,,,,
A5EB03E23BCBF6A0E040640A040252AD,Pemerintah Kota Denpasar,D,7571,KOT,,,,,,
A5EB03E23C90F6A0E040640A040252AD,Pemerintah Provinsi Nusa Tenggara Barat,D,7600,PROV,,,,,,
A5EB03E23BCCF6A0E040640A040252AD,Pemerintah Kab. Lombok Barat,D,7601,KAB,,,,,,
A5EB03E23C91F6A0E040640A040252AD,Pemerintah Kab. Lombok Tengah,D,7602,KAB,,,,,,
A5EB03E23BCDF6A0E040640A040252AD,Pemerintah Kab. Lombok Timur,D,7603,KAB,,,,,,
A5EB03E23C92F6A0E040640A040252AD,Pemerintah Kab. Bima,D,7604,KAB,,,,,,
A5EB03E23CF9F6A0E040640A040252AD,Pemerintah Kab. Sumbawa,D,7605,KAB,,,,,,
A5EB03E23C93F6A0E040640A040252AD,Pemerintah Kab. Dompu,D,7606,KAB,,,,,,
A5EB03E23D39F6A0E040640A040252AD,Pemerintah Kab. Sumbawa Barat,D,7607,KAB,,,,,,
A5EB03E23B82F6A0E040640A040252AD,Pemerintah Kab. Lombok Utara,D,7608,KAB,,,,,,
A5EB03E23BCEF6A0E040640A040252AD,Pemerintah Kota Mataram,D,7671,KOT,,,,,,
A5EB03E23C94F6A0E040640A040252AD,Pemerintah Kota Bima,D,7672,KOT,,,,,,
A5EB03E23BCFF6A0E040640A040252AD,Pemerintah Provinsi NTT,D,7700,PROV,,,,,,
A5EB03E23CFEF6A0E040640A040252AD,Pemerintah Kab. Kupang,D,7701,KAB,,,,,,
A5EB03E23CFFF6A0E040640A040252AD,Pemerintah Kab. Belu,D,7702,KAB,,,,,,
A5EB03E23D00F6A0E040640A040252AD,Pemerintah Kab. Timor Tengah Utara,D,7703,KAB,,,,,,
A5EB03E23D01F6A0E040640A040252AD,Pemerintah Kab. Timor Tengah Selatan,D,7704,KAB,,,,,,
A5EB03E23B52F6A0E040640A040252AD,Pemerintah Kab. Alor,D,7705,KAB,,,,,,
A5EB03E23D02F6A0E040640A040252AD,Pemerintah Kab. Sikka,D,7706,KAB,,,,,,
A5EB03E23D03F6A0E040640A040252AD,Pemerintah Kab. Flores Timur,D,7707,KAB,,,,,,
A5EB03E23D04F6A0E040640A040252AD,Pemerintah Kab. Ende,D,7708,KAB,,,,,,
A5EB03E23D05F6A0E040640A040252AD,Pemerintah Kab. Ngada,D,7709,KAB,,,,,,
A5EB03E23D06F6A0E040640A040252AD,Pemerintah Kab. Manggarai,D,7710,KAB,,,,,,
A5EB03E23D07F6A0E040640A040252AD,Pemerintah Kab. Sumba Timur,D,7711,KAB,,,,,,
A5EB03E23D08F6A0E040640A040252AD,Pemerintah Kab. Sumba Barat,D,7712,KAB,,,,,,
A5EB03E23D09F6A0E040640A040252AD,Pemerintah Kab. Lembata,D,7713,KAB,,,,,,
A5EB03E23D0AF6A0E040640A040252AD,Pemerintah Kab. Rote Ndao,D,7714,KAB,,,,,,
A5EB03E23D0BF6A0E040640A040252AD,Pemerintah Kab. Manggarai Barat,D,7715,KAB,,,,,,
A5EB03E23D57F6A0E040640A040252AD,Pemerintah Kab. Manggarai Timur,D,7716,KAB,,,,,,
A5EB03E23D49F6A0E040640A040252AD,Pemerintah Kab. Sumba Barat Daya,D,7717,KAB,,,,,,
A5EB03E23C1CF6A0E040640A040252AD,Pemerintah Kab. Nagekeo,D,7718,KAB,,,,,,
A5EB03E23C1DF6A0E040640A040252AD,Pemerintah Kab. Sumba Tengah,D,7719,KAB,,,,,,
A5EB03E23C20F6A0E040640A040252AD,Pemerintah Kab. Sabu Raijua,D,7720,KAB,,,,,,
ff8080813ff0535b013ff0cfe00e2e82,Pemerintah Kab. Malaka,D,7721,KAB,,,,,,
A5EB03E23D0CF6A0E040640A040252AD,Pemerintah Kota Kupang,D,7771,KOT,,,,,,
A5EB03E23BD0F6A0E040640A040252AD,Pemerintah Provinsi Maluku,D,7800,PROV,,,,,,
A5EB03E23D0DF6A0E040640A040252AD,Pemerintah Kab. Maluku Tengah,D,7801,KAB,,,,,,
A5EB03E23BD1F6A0E040640A040252AD,Pemerintah Kab. Maluku Tenggara,D,7802,KAB,,,,,,
A5EB03E23D0EF6A0E040640A040252AD,Pemerintah Kab. Buru,D,7803,KAB,,,,,,
A5EB03E23BD2F6A0E040640A040252AD,Pemerintah Kab. Kepulauan Tanimbar,D,7804,KAB,,,,,,
A5EB03E23D3AF6A0E040640A040252AD,Pemerintah Kab. Kepulauan Aru,D,7805,KAB,,,,,,
A5EB03E23D3BF6A0E040640A040252AD,Pemerintah Kab. Seram Bagian Barat,D,7806,KAB,,,,,,
A5EB03E23D42F6A0E040640A040252AD,Pemerintah Kab. Seram Bagian Timur,D,7807,KAB,,,,,,
A5EB03E23B8CF6A0E040640A040252AD,Pemerintah Kab. Buru Selatan,D,7808,KAB,,,,,,
A5EB03E23B8DF6A0E040640A040252AD,Pemerintah Kab. Maluku Barat Daya,D,7809,KAB,,,,,,
A5EB03E23D0FF6A0E040640A040252AD,Pemerintah Kota Ambon,D,7871,KOT,,,,,,
A5EB03E23B8EF6A0E040640A040252AD,Pemerintah Kota Tual,D,7872,KOT,,,,,,
A5EB03E23B54F6A0E040640A040252AD,Pemerintah Provinsi Maluku Utara,D,7900,PROV,,,,,,
A5EB03E23BD3F6A0E040640A040252AD,Pemerintah Kab. Halmahera Barat,D,7901,KAB,,,,,,
A5EB03E23D10F6A0E040640A040252AD,Pemerintah Kab. Halmahera Tengah,D,7902,KAB,,,,,,
A5EB03E23BD4F6A0E040640A040252AD,Pemerintah Kab. Kepulauan Sula,D,7903,KAB,,,,,,
A5EB03E23D11F6A0E040640A040252AD,Pemerintah Kab. Halmahera Selatan,D,7904,KAB,,,,,,
A5EB03E23BD5F6A0E040640A040252AD,Pemerintah Kab. Halmahera Utara,D,7905,KAB,,,,,,
A5EB03E23D12F6A0E040640A040252AD,Pemerintah Kab. Halmahera Timur,D,7906,KAB,,,,,,
A5EB03E23C25F6A0E040640A040252AD,Pemerintah Kab. Pulau Morotai,D,7907,KAB,,,,,,
ff8080813ff0535b013ff0ce7cd12e5c,Pemerintah Kab. Pulau Taliabu,D,7908,KAB,,,,,,
A5EB03E23BD6F6A0E040640A040252AD,Pemerintah Kota Ternate,D,7971,KOT,,,,,,
A5EB03E23D13F6A0E040640A040252AD,Pemerintah Kota Tidore Kepulauan,D,7972,KOT,,,,,,
A5EB03E23BD7F6A0E040640A040252AD,Pemerintah Provinsi Papua,D,8000,PROV,,,,,,
A5EB03E23D14F6A0E040640A040252AD,Pemerintah Kab. Jayapura,D,8001,KAB,,,,,,
A5EB03E23BD8F6A0E040640A040252AD,Pemerintah Kab. Biak Numfor,D,8002,KAB,,,,,,
A5EB03E23D15F6A0E040640A040252AD,Pemerintah Kab. Kepulauan Yapen ,D,8004,KAB,,,,,,
A5EB03E23BD9F6A0E040640A040252AD,Pemerintah Kab. Merauke,D,8007,KAB,,,,,,
A5EB03E23D16F6A0E040640A040252AD,Pemerintah Kab. Jayawijaya,D,8008,KAB,,,,,,
A5EB03E23BDAF6A0E040640A040252AD,Pemerintah Kab. Nabire,D,8009,KAB,,,,,,
A5EB03E23BDBF6A0E040640A040252AD,Pemerintah Kab. Puncak Jaya,D,8010,KAB,,,,,,
A5EB03E23D17F6A0E040640A040252AD,Pemerintah Kab. Paniai,D,8011,KAB,,,,,,
A5EB03E23D18F6A0E040640A040252AD,Pemerintah Kab. Mimika,D,8012,KAB,,,,,,
A5EB03E23BDCF6A0E040640A040252AD,Pemerintah Kab. Boven Digoel,D,8013,KAB,,,,,,
A5EB03E23D19F6A0E040640A040252AD,Pemerintah Kab. Mappi,D,8014,KAB,,,,,,
A5EB03E23B50F6A0E040640A040252AD,Pemerintah Kab. Asmat,D,8015,KAB,,,,,,
A5EB03E23D1AF6A0E040640A040252AD,Pemerintah Kab. Yahukimo,D,8016,KAB,,,,,,
A5EB03E23D4EF6A0E040640A040252AD,Pemerintah Kab. Pegunungan Bintang,D,8017,KAB,,,,,,
A5EB03E23D1BF6A0E040640A040252AD,Pemerintah Kab. Tolikara,D,8018,KAB,,,,,,
A5EB03E23D1CF6A0E040640A040252AD,Pemerintah Kab. Sarmi,D,8019,KAB,,,,,,
A5EB03E23D4FF6A0E040640A040252AD,Pemerintah Kab. Keerom,D,8020,KAB,,,,,,
A5EB03E23D1DF6A0E040640A040252AD,Pemerintah Kab. Waropen,D,8026,KAB,,,,,,
A5EB03E23D3CF6A0E040640A040252AD,Pemerintah Kab. Supiori,D,8027,KAB,,,,,,
A5EB03E23B8FF6A0E040640A040252AD,Pemerintah Kab. Mamberamo Raya,D,8028,KAB,,,,,,
A5EB03E23B90F6A0E040640A040252AD,Pemerintah Kab. Mamberamo Tengah,D,8029,KAB,,,,,,
A5EB03E23B91F6A0E040640A040252AD,Pemerintah Kab. Lanny Jaya,D,8030,KAB,,,,,,
A5EB03E23B92F6A0E040640A040252AD,Pemerintah Kab. Yalimo,D,8031,KAB,,,,,,
A5EB03E23B93F6A0E040640A040252AD,Pemerintah Kab. Nduga,D,8032,KAB,,,,,,
A5EB03E23B94F6A0E040640A040252AD,Pemerintah Kab. Dogiyai,D,8033,KAB,,,,,,
A5EB03E23C60F6A0E040640A040252AD,Pemerintah Kab. Puncak,D,8035,KAB,,,,,,
A5EB03E23C1FF6A0E040640A040252AD,Pemerintah Kab. Deiyai,D,8036,KAB,,,,,,
A5EB03E23C1EF6A0E040640A040252AD,Pemerintah Kab. Intan Jaya,D,8037,KAB,,,,,,
A5EB03E23D50F6A0E040640A040252AD,Pemerintah Kota Jayapura,D,8072,KOT,,,,,,
A5EB03E23D1EF6A0E040640A040252AD,Pemerintah Provinsi Kepulauan Riau,D,8100,PROV,,,,,,
A5EB03E23D51F6A0E040640A040252AD,Pemerintah Kab. Bintan,D,8101,KAB,,,,,,
A5EB03E23CFAF6A0E040640A040252AD,Pemerintah Kab. Karimun,D,8102,KAB,,,,,,
A5EB03E23D1FF6A0E040640A040252AD,Pemerintah Kab. Natuna,D,8103,KAB,,,,,,
A5EB03E23D31F6A0E040640A040252AD,Pemerintah Kab. Lingga,D,8104,KAB,,,,,,
A5EB03E23B80F6A0E040640A040252AD,Pemerintah Kab. Kepulauan Anambas,D,8105,KAB,,,,,,
A5EB03E23D52F6A0E040640A040252AD,Pemerintah Kota Batam,D,8171,KOT,,,,,,
A5EB03E23CFBF6A0E040640A040252AD,Pemerintah Kota Tanjungpinang,D,8172,KOT,,,,,,
A5EB03E23D22F6A0E040640A040252AD,Pemerintah Provinsi Papua Barat,D,8200,PROV,,,,,,
A5EB03E23D26F6A0E040640A040252AD,Pemerintah Kab. Sorong,D,8201,KAB,,,,,,
A5EB03E23B51F6A0E040640A040252AD,Pemerintah Kab. Sorong Selatan,D,8202,KAB,,,,,,
A5EB03E23D27F6A0E040640A040252AD,Pemerintah Kab. Raja Ampat,D,8203,KAB,,,,,,
A5EB03E23D28F6A0E040640A040252AD,Pemerintah Kab. Manokwari,D,8204,KAB,,,,,,
A5EB03E23D58F6A0E040640A040252AD,Pemerintah Kab. Teluk Bintuni,D,8205,KAB,,,,,,
A5EB03E23D29F6A0E040640A040252AD,Pemerintah Kab. Teluk Wondama,D,8206,KAB,,,,,,
A5EB03E23D59F6A0E040640A040252AD,Pemerintah Kab. Fak-Fak,D,8207,KAB,,,,,,
A5EB03E23D2AF6A0E040640A040252AD,Pemerintah Kab. Kaimana,D,8208,KAB,,,,,,
A5EB03E23C26F6A0E040640A040252AD,Pemerintah Kab. Tambrauw,D,8210,KAB,,,,,,
A5EB03E23D4CF6A0E040640A040252AD,Pemerintah Kab. Maybrat,D,8211,KAB,,,,,,
ff8080813ff0535b013ff0cb2abb2df5,Pemerintah Kab. Pegunungan Arfak,D,8212,KAB,,,,,,
ff80808144245f0701442f61c90d5f00,Pemerintah Kab. Manokwari Selatan,D,8213,KAB,,,,,,
A5EB03E23D5AF6A0E040640A040252AD,Pemerintah Kota Sorong,D,8271,KOT,,,,,,
A5EB03E23D23F6A0E040640A040252AD,Pemerintah Provinsi Sulawesi Barat,D,8300,PROV,,,,,,
A5EB03E23B48F6A0E040640A040252AD,Pemerintah Kab. Pasangkayu,D,8301,KAB,,,,,,
A5EB03E23D3EF6A0E040640A040252AD,Pemerintah Kab. Mamuju,D,8302,KAB,,,,,,
A5EB03E23D3FF6A0E040640A040252AD,Pemerintah Kab. Mamasa,D,8303,KAB,,,,,,
A5EB03E23D40F6A0E040640A040252AD,Pemerintah Kab. Polewali Mandar,D,8304,KAB,,,,,,
A5EB03E23D41F6A0E040640A040252AD,Pemerintah Kab. Majene,D,8305,KAB,,,,,,
ff808081426f4d6801428ec9afb07ff2,Pemerintah Kab. Mamuju Tengah,D,8306,KAB,,,,,,
ff80808140151b37014033f7fa9a4560,Pemerintah Provinsi Kalimantan Utara,D,8400,PROV,,,,,,
A5EB03E23C64F6A0E040640A040252AD,Pemerintah Kab. Bulungan,D,8401,KAB,,,,,,
A5EB03E23C66F6A0E040640A040252AD,Pemerintah Kab. Malinau,D,8402,KAB,,,,,,
A5EB03E23C67F6A0E040640A040252AD,Pemerintah Kab. Nunukan,D,8403,KAB,,,,,,
A5EB03E23BF2F6A0E040640A040252AD,Pemerintah Kab. Tana Tidung,D,8404,KAB,,,,,,
A5EB03E23C6DF6A0E040640A040252AD,Pemerintah Kota Tarakan,D,8471,KOT,,,,,,
EB512F19A39B2F79E050640AF1082DE3,Pemerintah Provinsi Papua Selatan,D,8500,PROV,,,,,,
EB512F19A3992F79E050640AF1082DE3,Pemerintah Provinsi Papua Tengah,D,8600,PROV,,,,,,
EB512F19A39A2F79E050640AF1082DE3,Pemerintah Provinsi Papua Pegunungan,D,8700,PROV,,,,,,
A5EB03E23D67F6A0E040640A040252AD,Lembaga Penyiaran Publik Televisi Republik Indonesia,P,4057,,,,,,,
